{
    "resourceTypeList": [
        {
            "CarouselID": 0,
            "ResourceTypeID": 184846,
            "ResourceTypeName": "Menu Item Image",
            "ResourceTypeFolderName": "menu-item-image",
            "ResourceFileType": "ImageFile",
            "ImageType": 1,
            "ResourceWidth": 471,
            "ResourceHeight": 237,
            "ResourceTypeStatus": 1,
            "AssetFileTypeID": 0,
            "TabletResourceWidth": 471,
            "TabletResourceHeight": 237,
            "MobileResourceWidth": 430,
            "MobileResourceHeight": 217,
            "ResourceTag": "",
            "SortOrder1": "",
            "SortOrder2": "",
            "SortOrder3": "",
            "IsProtected": 0,
            "TabletImageQuality": 80,
            "MobileImageQuality": 80,
            "IsEnableCropper": true,
            "HideToClient": false
        },
        {
            "CarouselID": 0,
            "ResourceTypeID": 184868,
            "ResourceTypeName": "Menu Image",
            "ResourceTypeFolderName": "menu-image",
            "ResourceFileType": "ImageFile",
            "ImageType": 1,
            "ResourceWidth": 1024,
            "ResourceHeight": 339,
            "ResourceTypeStatus": 1,
            "AssetFileTypeID": 0,
            "TabletResourceWidth": 1024,
            "TabletResourceHeight": 339,
            "MobileResourceWidth": 600,
            "MobileResourceHeight": 199,
            "ResourceTag": "",
            "SortOrder1": "",
            "SortOrder2": "",
            "SortOrder3": "",
            "IsProtected": 0,
            "TabletImageQuality": 80,
            "MobileImageQuality": 80,
            "IsEnableCropper": true,
            "HideToClient": false
        },
        {
            "CarouselID": 0,
            "ResourceTypeID": 184876,
            "ResourceTypeName": "Menu Section Image",
            "ResourceTypeFolderName": "menu-section-image",
            "ResourceFileType": "ImageFile",
            "ImageType": 1,
            "ResourceWidth": 1240,
            "ResourceHeight": 365,
            "ResourceTypeStatus": 1,
            "AssetFileTypeID": 0,
            "TabletResourceWidth": 1000,
            "TabletResourceHeight": 295,
            "MobileResourceWidth": 500,
            "MobileResourceHeight": 148,
            "ResourceTag": "",
            "SortOrder1": "",
            "SortOrder2": "",
            "SortOrder3": "",
            "IsProtected": 0,
            "TabletImageQuality": 80,
            "MobileImageQuality": 80,
            "IsEnableCropper": true,
            "HideToClient": false
        }
    ]
}