[
  { "old_key": "primary-bg", "new_key": "body-color", "value": "" },
  { "old_key": "primary-color", "new_key": "body-font-color", "value": "" },
  { "old_key": "primary-bg", "new_key": "header-color", "value": "" },
  { "old_key": "primary-color", "new_key": "header-font-color", "value": "" },
  { "old_key": "primary-color", "new_key": "h1-font-color", "value": "" },
  { "old_key": "primary-color", "new_key": "h2-font-color", "value": "" },
  { "old_key": "primary-color", "new_key": "h3-font-color", "value": "" },
  { "old_key": "primary-color", "new_key": "h4-font-color", "value": "" },
  { "old_key": "primary-color", "new_key": "h5-font-color", "value": "" },
  { "old_key": "primary-color", "new_key": "h6-font-color", "value": "" },
  { "old_key": "primary-color", "new_key": "tagline-font-color", "value": "" },
  { "old_key": "accent-color", "new_key": "primary-cta-color", "value": "" },
  { "old_key": "white-color", "new_key": "primary-cta-hover-color", "value": "" },
  { "old_key": "secondary-bg", "new_key": "primary-cta-font-color", "value": "" },
  { "old_key": "accent-color", "new_key": "primary-cta-font-hover-color", "value": "" },
  { "old_key": "secondary-bg", "new_key": "secondary-cta-font-color", "value": "" },
  { "old_key": "secondary-bg", "new_key": "secondary-cta-font-hover-color", "value": "" },
  { "old_key": "dark-bg", "new_key": "footer-color", "value": "" },
  { "old_key": "secondary-bg", "new_key": "footer-font-color", "value": "" },
  { "old_key": "primary-color", "new_key": "primary-color", "value": "" },
  { "old_key": "primary-color", "new_key": "secondary-color", "value": "" },
  { "old_key": "primary-color", "new_key": "tertiary-color", "value": "" },
  { "old_key": "primary-color", "new_key": "highlight-color", "value": "" },
  { "old_key": "primary-color", "new_key": "text-color", "value": "" },
  { "old_key": "secondary-bg", "new_key": "bg-alt-1", "value": "" },
  { "old_key": "secondary-bg", "new_key": "top-gradient-color", "value": "" },
  { "old_key": "secondary-bg", "new_key": "bottom-gradient-color", "value": "" },
  { "old_key": "secondary-bg", "new_key": "inverse-font-color", "value": "" },
  { "old_key": "primary-color", "new_key": "border-color", "value": "" },
  { "old_key": "accent-color", "new_key": "primary-cta-inverse-font-color", "value": "" },
  { "old_key": "primary-color", "new_key": "primary-cta-inverse-color", "value": "" },
  { "old_key": "white-color", "new_key": "header-bg-color", "value": "" },
  { "old_key": "primary-color", "new_key": "section-title-font-color", "value": "" },
  { "old_key": "accent-color", "new_key": "generic-gradient-bg-color", "value": "" },
  { "old_key": "Red", "new_key": "error-message-color", "value": "" },
  { "old_key": "Red", "new_key": "inverse-error-message-color", "value": "" },
  { "old_key": "secondary-bg", "new_key": "bg-alt-2", "value": "" },
  { "old_key": "primary-color", "new_key": "bg-alt-3", "value": "" },
  { "old_key": "secondary-bg", "new_key": "bg-alt-4", "value": "" },
  { "old_key": "primary-color", "new_key": "placeholder-color", "value": "" },
  { "old_key": "secondary-bg", "new_key": "bg-alt-5", "value": "" },
  { "old_key": "primary-color", "new_key": "dots-nav-color", "value": "" },
  { "old_key": "primary-bg", "new_key": "light-bg-color", "value": "" },
  { "old_key": "primary-color", "new_key": "light-bg-text-color", "value": "" },
  { "old_key": "dark-bg", "new_key": "dark-bg-color", "value": "" },
  { "old_key": "primary-color", "new_key": "dark-bg-text-color", "value": "" }
]



