[
  { "old_key": "primary-font-file", "new_key": "h1-font-family", "value": "" },
  { "old_key": "primary-font-file", "new_key": "h2-font-family", "value": "" },
  { "old_key": "primary-font-file", "new_key": "h3-font-family", "value": "" },
  { "old_key": "primary-font-file", "new_key": "h4-font-family", "value": "" },
  { "old_key": "primary-font-file", "new_key": "h5-font-family", "value": "" },
  { "old_key": "primary-font-file", "new_key": "h6-font-family", "value": "" },
  { "old_key": "primary-font-file", "new_key": "title-fonts", "value": "" },
  { "old_key": "primary-font-file", "new_key": "xl-title-font-family", "value": "" },
  { "old_key": "primary-font-file", "new_key": "section-title-font-family", "value": "" },
  { "old_key": "secondary-font-file", "new_key": "body-font-family", "value": "" },
  { "old_key": "secondary-font-file", "new_key": "reservation-widget-input-font-family", "value": "" },
  { "old_key": "secondary-font-file", "new_key": "tagline-font-family", "value": "" },
  { "old_key": "secondary-font-file", "new_key": "heading-font-family", "value": "" },
  { "old_key": "secondary-font-file", "new_key": "mob-header-font-family", "value": "" },
  { "old_key": "", "new_key": "body-font-size", "value": "15px" },
  { "old_key": "", "new_key": "body-font-line-height", "value": "180%" },
  { "old_key": "", "new_key": "body-font-weight", "value": "400" },
  { "old_key": "", "new_key": "header-font-size", "value": "13px" },
  { "old_key": "", "new_key": "header-font-line-height", "value": "100%" },
  { "old_key": "", "new_key": "header-font-weight", "value": "400" },
  { "old_key": "", "new_key": "h1-font-size", "value": "70px" },
  { "old_key": "", "new_key": "h1-font-line-height", "value": "100%" },
  { "old_key": "", "new_key": "h1-font-weight", "value": "400" },
  { "old_key": "", "new_key": "h2-font-size", "value": "70px" },
  { "old_key": "", "new_key": "h2-font-line-height", "value": "100%" },
  { "old_key": "", "new_key": "h2-font-weight", "value": "400" },
  { "old_key": "", "new_key": "h3-font-size", "value": "55px" },
  { "old_key": "", "new_key": "h3-font-line-height", "value": "110%" },
  { "old_key": "", "new_key": "h3-font-weight", "value": "400" },
  { "old_key": "", "new_key": "h4-font-size", "value": "45px" },
  { "old_key": "", "new_key": "h4-font-line-height", "value": "100%" },
  { "old_key": "", "new_key": "h4-font-weight", "value": "400" },
  { "old_key": "", "new_key": "h5-font-size", "value": "30px" },
  { "old_key": "", "new_key": "h5-font-line-height", "value": "100%" },
  { "old_key": "", "new_key": "h5-font-weight", "value": "400" },
  { "old_key": "", "new_key": "h6-font-size", "value": "28px" },
  { "old_key": "", "new_key": "h6-font-line-height", "value": "100%" },
  { "old_key": "", "new_key": "h6-font-weight", "value": "400" },
  { "old_key": "", "new_key": "tagline-font-line-height", "value": "100%" },
  { "old_key": "", "new_key": "tagline-font-weight", "value": "400" },
  { "old_key": "", "new_key": "primary-cta-font-size", "value": "13px" },
  { "old_key": "", "new_key": "primary-cta-font-line-height", "value": "18px" },
  { "old_key": "", "new_key": "primary-cta-font-weight", "value": "400" },
  { "old_key": "", "new_key": "primary-cta-font-transform", "value": "none" },
  { "old_key": "", "new_key": "secondary-cta-font-size", "value": "13px" },
  { "old_key": "", "new_key": "secondary-cta-font-line-height", "value": "100%" },
  { "old_key": "", "new_key": "secondary-cta-font-weight", "value": "400" },
  { "old_key": "", "new_key": "secondary-cta-font-transform", "value": "none" },
  { "old_key": "", "new_key": "footer-font-size", "value": "15px" },
  { "old_key": "", "new_key": "footer-font-line-height", "value": "180%" },
  { "old_key": "", "new_key": "footer-font-weight", "value": "400" },
  { "old_key": "", "new_key": "icon-fonts", "value": "'template-icon', sans-serif" },
  { "old_key": "", "new_key": "mob-h1-font-size", "value": "65px" },
  { "old_key": "", "new_key": "mob-h1-font-line-height", "value": "100%" },
  { "old_key": "", "new_key": "mob-h2-font-size", "value": "55px" },
  { "old_key": "", "new_key": "mob-h2-font-line-height", "value": "100%" },
  { "old_key": "", "new_key": "mob-h3-font-size", "value": "35px" },
  { "old_key": "", "new_key": "mob-h4-font-size", "value": "30px" },
  { "old_key": "", "new_key": "mob-h3-font-line-height", "value": "100%" },
  { "old_key": "", "new_key": "mob-h4-font-line-height", "value": "100%" },
  { "old_key": "", "new_key": "mob-header-font-size", "value": "30px" },
  { "old_key": "", "new_key": "mob-header-font-line-height", "value": "100%" },
  { "old_key": "", "new_key": "reservation-widget-label-font-size", "value": "16px" },
  { "old_key": "", "new_key": "reservation-widget-label-font-line-height", "value": "1.5" },
  { "old_key": "", "new_key": "reservation-widget-label-font-weight", "value": "400" },
  { "old_key": "", "new_key": "reservation-widget-input-font-size", "value": "20px" },
  { "old_key": "", "new_key": "reservation-widget-input-font-line-height", "value": "1.5" },
  { "old_key": "", "new_key": "reservation-widget-input-font-weight", "value": "400" },
  { "old_key": "", "new_key": "form-label-font-size", "value": "16px" },
  { "old_key": "", "new_key": "form-label-font-line-height", "value": "1" },
  { "old_key": "", "new_key": "form-label-font-weight", "value": "300" },
  { "old_key": "", "new_key": "form-input-font-size", "value": "16px" },
  { "old_key": "", "new_key": "form-input-font-line-height", "value": "1" },
  { "old_key": "", "new_key": "form-input-font-weight", "value": "400" },
  { "old_key": "", "new_key": "tagline-font-size", "value": "15px" },
  { "old_key": "", "new_key": "mob-tagline-font-size", "value": "15px" },
  { "old_key": "", "new_key": "mob-tagline-font-line-height", "value": "110%" },
  { "old_key": "", "new_key": "heading-font-weight", "value": "400" },
  { "old_key": "", "new_key": "heading-font-size", "value": "13px" },
  { "old_key": "", "new_key": "heading-font-line-height", "value": "15px" },
  { "old_key": "", "new_key": "xl-title-font-size", "value": "80px" },
  { "old_key": "", "new_key": "xl-title-font-line-height", "value": "100%" },
  { "old_key": "", "new_key": "mob-xl-title-font-size", "value": "65px" },
  { "old_key": "", "new_key": "mob-xl-title-font-line-height", "value": "100%" },
  { "old_key": "", "new_key": "font-source-url", "value": "" },
  { "old_key": "", "new_key": "logo-width", "value": "79px" },
  { "old_key": "", "new_key": "logo-height", "value": "auto" },
  { "old_key": "", "new_key": "logo-width-mobile", "value": "52px" },
  { "old_key": "", "new_key": "logo-height-mobile", "value": "auto" },
  { "old_key": "", "new_key": "logo-width-onscroll", "value": "79px" },
  { "old_key": "", "new_key": "logo-width-onscroll-mobile", "value": "52px" },
  { "old_key": "", "new_key": "body-font-text-transform", "value": "none" },
  { "old_key": "", "new_key": "header-font-text-transform", "value": "none" },
  { "old_key": "", "new_key": "h1-font-text-transform", "value": "none" },
  { "old_key": "", "new_key": "h2-font-text-transform", "value": "none" },
  { "old_key": "", "new_key": "h3-font-text-transform", "value": "none" },
  { "old_key": "", "new_key": "h4-font-text-transform", "value": "none" },
  { "old_key": "", "new_key": "h5-font-text-transform", "value": "none" },
  { "old_key": "", "new_key": "h6-font-text-transform", "value": "none" },
  { "old_key": "", "new_key": "tagline-font-text-transform", "value": "none" },
  { "old_key": "", "new_key": "footer-font-text-transform", "value": "none" },
  { "old_key": "", "new_key": "xl-title-font-text-transform", "value": "none" },
  { "old_key": "", "new_key": "reservation-widget-label-font-text-transform", "value": "none" },
  { "old_key": "", "new_key": "reservation-widget-input-font-text-transform", "value": "none" },
  { "old_key": "", "new_key": "form-label-font-text-transform", "value": "none" },
  { "old_key": "", "new_key": "section-title-font-line-height", "value": "60px" },
  { "old_key": "", "new_key": "section-title-font-size", "value": "60px" },
  { "old_key": "", "new_key": "section-title-font-text-transform", "value": "none" },
  { "old_key": "", "new_key": "section-title-font-weight", "value": "300" },
  { "old_key": "", "new_key": "mob-h5-font-size", "value": "25px" },
  { "old_key": "", "new_key": "mob-h5-font-line-height", "value": "1.2" },
  { "old_key": "", "new_key": "mob-h6-font-size", "value": "20px" },
  { "old_key": "", "new_key": "mob-h6-font-line-height", "value": "1.3" },
  { "old_key": "", "new_key": "mob-header-font-weight", "value": "400" },
  { "old_key": "", "new_key": "border-radius", "value": "na" },
  { "old_key": "", "new_key": "primary-cta-border-radius", "value": "na" },
  { "old_key": "", "new_key": "small-tagline-font-size", "value": "15px" },
  { "old_key": "", "new_key": "text-transform-capitalize", "value": "none" },
  { "old_key": "", "new_key": "xs-font-size", "value": "12px" },
  { "old_key": "", "new_key": "bold-font-weight", "value": "bold" },
  { "old_key": "", "new_key": "xxs-font-size", "value": "11px" },
  { "old_key": "", "new_key": "footer-submenu-font-size", "value": "12px" },
  { "old_key": "", "new_key": "extra-border-radius", "value": "na" },
  { "old_key": "", "new_key": "lto-title-font-size", "value": "20px" }
]



