{
  "level_0": {
    "displayorder": "MenuOrder",
    "menu-description": "Description",
    "menu-image": "MenuResourceName",
    "menu-title": "Name",
    "menu-type": "Name",
    "status": "MenuStatusId"
  },
  "level_1": {
    "displayorder": "SectionOrder",
    "section-description": "SectionDescription",
    "section-image": "SectionResourceName",
    "section-image-alt-text": "SectionResourceName",
    "section-name": "SectionName",
    "status": "SectionStatus"
  },
  "level_2": {
    "displayorder": "ItemOrder",
    "item-name": "SectionItemName",
    "item-description": "ItemDescription",
    "item-image": "ItemResourceName",
    "item-image-alt-text": "ItemResourceName",
    "item-price": "",
    "item-price-description": "",
    "status": "ItemStatus",
    "item-price-option-1": "Price",
    "item-price-option-1-description": "PriceDescription",
    "item-price-option-2": "Price",
    "item-price-option-2-description": "PriceDescription",
    "item-price-option-3": "Price",
    "item-price-option-3-description": "PriceDescription",
    "item-price-option-4": "Price",
    "item-price-option-4-description": "PriceDescription",
    "item-price-option-5": "Price",
    "item-price-option-5-description": "PriceDescription",
    "item-price-option-6": "Price",
    "item-price-option-6-description": "PriceDescription",
    "item-price-option-7": "Price",
    "item-price-option-7-description": "PriceDescription",
    "item-add-on-1-name": "Name",
    "item-add-on-1-price": "Price",
    "item-add-on-1-price-notes": "",
    "item-add-on-2-name": "Name",
    "item-add-on-2-price": "Price",
    "item-add-on-2-price-notes": "",
    "item-add-on-3-name": "Name",
    "item-add-on-3-price": "Price",
    "item-add-on-3-price-notes": "",
    "item-add-on-4-name": "Name",
    "item-add-on-4-price": "Price",
    "item-add-on-4-price-notes": "",
    "item-add-on-5-name": "Name",
    "item-add-on-5-price": "Price",
    "item-add-on-5-price-notes": "",
    "item-add-on-6-name": "Name",
    "item-add-on-6-price": "Price",
    "item-add-on-6-price-notes": "",
    "item-add-on-7-name": "Name",
    "item-add-on-7-price": "Price",
    "item-add-on-7-price-notes": "",
    "item-add-on-8-name": "Name",
    "item-add-on-8-price": "Price",
    "item-add-on-8-price-notes": "",
    "item-add-on-9-name": "Name",
    "item-add-on-9-price": "Price",
    "item-add-on-9-price-notes": "",
    "item-add-on-10-name": "Name",
    "item-add-on-10-price": "Price",
    "item-add-on-10-price-notes": ""
  }
}
