{
  "level 0": {
    "ParentId": "",
    "Scopeid": "",
    "componentName": "Menu-new",
    "recordList": [
      {
        "MainParentComponentid": "",
        "ParentComponentId": "",
        "ParentRecordId": "",
        "recordJsonString": {
          "displayorder": "",
          "enable-menu-time": "",
          "menu-booking-url": "",
          "menu-currency": "",
          "menu-description": "",
          "menu-disclaimer": "",
          "menu-icon-class-name": "",
          "menu-icon-image": "",
          "menu-icon-image-alt-text": "",
          "menu-image": "",
          "menu-image-alt-text": "",
          "menu-price": "",
          "menu-price-description": "",
          "menu-sub-title": "",
          "menu-time-from-ampm": "",
          "menu-time-from-hour": "",
          "menu-time-from-minutes": "",
          "menu-time-to-ampm": "",
          "menu-time-to-hour": "",
          "menu-time-to-minutes": "",
          "menu-title": "",
          "menu-type": "",
          "menu-url": "",
          "status": ""
        },
        "status": ""
      }
    ]
  },
  "level 1": {
    "ParentId": "",
    "Scopeid": "",
    "componentName": "Menu-new Section",
    "recordList": [
      {
        "MainParentComponentid": "",
        "ParentComponentId": "",
        "ParentRecordId": "",
        "recordJsonString": {
          "displayorder": "",
          "food-type": "",
          "section-description": "",
          "section-icon-class-name": "",
          "section-icon-image": "",
          "section-icon-image-alt-text": "",
          "section-image": "",
          "section-image-alt-text": "",
          "section-name": "",
          "section-price": "",
          "section-price-description": "",
          "section-sub-title": "",
          "status": ""
        },
        "status": ""
      }
    ]
  },
  "level 2": {
    "ParentId": "",
    "Scopeid": "",
    "componentName": "Menu-new Section Item",
    "recordList": [
      {
        "MainParentComponentid": "",
        "ParentComponentId": "",
        "ParentRecordId": "",
        "recordJsonString": {
          "displayorder": "",
          "item-name": "",
          "item-description": "",
          "item-image": "",
          "item-image-alt-text": "",
          "item-price": "",
          "item-price-description": "",
          "status": "",
          "item-price-option-1": "",
          "item-price-option-1-description": "",
          "item-price-option-2": "",
          "item-price-option-2-description": "",
          "item-price-option-3": "",
          "item-price-option-3-description": "",
          "item-price-option-4": "",
          "item-price-option-4-description": "",
          "item-price-option-5": "",
          "item-price-option-5-description": "",
          "item-price-option-6": "",
          "item-price-option-6-description": "",
          "item-price-option-7": "",
          "item-price-option-7-description": "",
          "item-add-on-1-name": "",
          "item-add-on-1-price": "",
          "item-add-on-1-price-notes": "",
          "item-add-on-2-name": "",
          "item-add-on-2-price": "",
          "item-add-on-2-price-notes": "",
          "item-add-on-3-name": "",
          "item-add-on-3-price": "",
          "item-add-on-3-price-notes": "",
          "item-add-on-4-name": "",
          "item-add-on-4-price": "",
          "item-add-on-4-price-notes": "",
          "item-add-on-5-name": "",
          "item-add-on-5-price": "",
          "item-add-on-5-price-notes": "",
          "item-add-on-6-name": "",
          "item-add-on-6-price": "",
          "item-add-on-6-price-notes": "",
          "item-add-on-7-name": "",
          "item-add-on-7-price": "",
          "item-add-on-7-price-notes": "",
          "item-add-on-8-name": "",
          "item-add-on-8-price": "",
          "item-add-on-8-price-notes": "",
          "item-add-on-9-name": "",
          "item-add-on-9-price": "",
          "item-add-on-9-price-notes": "",
          "item-add-on-10-name": "",
          "item-add-on-10-price": "",
          "item-add-on-10-price-notes": ""
        },
        "status": ""
      }
    ]
  }
}
