{
  "level 0": {
    "menu-title": "Name",
    "menu-description": "Description",
    "menu-image": "MenuResourceName",
    "menu-type": "Name",
    "displayorder":"MenuOrder",
    "status":"MenuStatusId"
  },
  "level 1": {
    "section-name": "SectionName",
    "section-description": "SectionDescription",
    "section-image": "SectionResourceName",
    "section-image-alt-text": "SectionResourceName",
    "displayorder":"SectionOrder",
    "status":"SectionStatus"
  },
  "level 2": {
    "item-name": "SectionItemName",
    "item-description": "ItemDescription",
    "item-price": "",
    "item-price-description": "",
    "Item Image": "ItemResourceName",
    "Item Image alt text": "ItemResourceName",
    "displayorder":"ItemOrder",
    "status":"ItemStatus"
  },
  "level 3_prices": {  
    "item-price-option": "Price",
    "item-price-option-description": "PriceDescription"
  },
  "level 3_addons": {
    "item-add-on-name": "Name",
    "item-add-on-price": "Price"
  }
}